L,a,b,Label
91,132,133,4284
88,134,131,4284
92,132,132,4284
92,133,130,4284
87,139,126,4284
89,138,126,4284
92,132,130,4284
91,131,132,4284
87,135,129,4284
84,140,125,4284
87,145,117,4284
91,152,108,4284
84,161,102,4284
81,164,100,4284
81,164,101,4284
79,163,103,4284
74,165,102,4284
74,167,101,4284
76,166,100,4284
78,167,98,4284
83,170,93,4284
84,172,92,4284
84,174,92,4284
85,175,94,4284
85,176,97,4284
86,176,102,4284
86,176,105,4284
85,176,109,4284
80,173,110,4284
76,173,106,4284
79,173,97,4284
76,170,97,4284
87,129,137,4284
88,126,139,4284
87,125,138,4284
87,125,138,4284
86,126,137,4284
84,127,137,4284
86,127,138,4284
99,118,142,4284
95,121,141,4284
94,121,141,4284
98,123,138,4284
104,119,140,4284
104,120,139,4284
106,118,138,4284
101,122,136,4284
109,118,137,4284
96,126,132,4284
92,127,133,4284
94,124,132,4284
80,142,120,4284
74,155,112,4284
79,151,112,4284
87,143,115,4284
86,145,115,4284
80,151,111,4284
79,150,113,4284
74,152,113,4284
70,153,113,4284
68,145,122,4284
80,135,128,4284
87,135,125,4284
88,137,122,4284
87,151,108,4284
78,168,97,4284
78,170,96,4284
75,169,100,4284
62,163,114,4284
58,156,124,4284
61,154,125,4284
82,142,128,4284
89,137,129,4284
87,131,134,4284
92,123,139,4284
90,121,140,4284
81,132,132,4284
65,149,121,4284
71,160,106,4284
75,171,96,4284
76,173,96,4284
78,174,96,4284
79,175,96,4284
81,176,96,4284
81,176,98,4284
82,176,102,4284
82,176,105,4284
81,176,109,4284
78,174,111,4284
75,173,109,4284
75,173,104,4284
79,174,97,4284
79,172,95,4284
76,170,98,4284
66,165,109,4284
62,160,119,4284
57,157,123,4284
63,153,126,4284
76,149,124,4284
89,139,127,4284
89,137,128,4284
87,134,131,4284
96,135,125,4284
98,136,121,4284
88,134,125,4284
90,132,126,4284
89,133,126,4284
88,134,125,4284
90,131,127,4284
88,133,125,4284
87,135,124,4284
90,132,126,4284
94,132,125,4284
98,127,128,4284
97,128,129,4284
98,127,128,4284
89,136,122,4284
88,130,129,4284
74,128,138,4284
71,126,140,4284
75,127,136,4284
67,151,116,4284
73,155,112,4284
79,149,116,4284
63,150,121,4284
63,152,123,4284
60,156,123,4284
68,167,118,4284
70,167,116,4284
69,163,119,4284
67,163,119,4284
66,157,121,4284
73,145,128,4284
78,140,130,4284
75,138,130,4284
78,130,135,4284
74,134,127,4284
161,109,125,4284
137,126,118,4284
128,133,113,4284
121,141,106,4284
120,136,107,4284
111,141,104,4284
117,135,105,4284
120,131,107,4284
102,144,99,4284
73,130,131,4284
69,134,136,4284
63,152,125,4284
62,154,124,4284
60,156,122,4284
61,155,123,4284
63,152,125,4284
63,147,128,4284
69,140,130,4284
80,139,120,4284
123,129,110,4284
124,133,107,4284
117,140,104,4284
110,147,101,4284
106,151,100,4284
97,154,102,4284
92,158,100,4284
103,147,104,4284
110,140,104,4284
101,142,104,4284
65,157,112,4284
63,162,109,4284
63,161,110,4284
59,156,117,4284
55,153,122,4284
55,148,127,4284
80,125,140,4284
65,158,111,4284
71,167,107,4284
75,164,107,4284
76,164,107,4284
73,164,110,4284
78,155,115,4284
75,142,125,4284
58,146,126,4284
54,149,127,4284
55,158,119,4284
57,161,115,4284
63,165,108,4284
64,163,109,4284
65,164,108,4284
69,165,104,4284
80,173,94,4284
84,175,93,4284
85,175,94,4284
83,173,97,4284
82,170,100,4284
80,170,102,4284
74,165,108,4284
70,163,111,4284
68,164,110,4284
71,165,106,4284
72,167,102,4284
74,171,97,4284
77,174,94,4284
79,175,95,4284
79,175,96,4284
79,175,97,4284
79,175,95,4284
76,172,91,4284
100,146,100,4284
107,140,103,4284
96,145,101,4284
105,137,108,4284
79,160,95,4284
86,157,97,4284
88,156,97,4284
78,173,98,4284
78,173,97,4284
78,173,97,4284
78,173,97,4284
78,173,97,4284
78,173,97,4284
78,173,96,4284
79,173,95,4284
80,174,93,4284
78,173,93,4284
77,172,93,4284
71,171,93,4284
41,160,116,4284
38,154,121,4284
54,161,112,4284
63,162,112,4284
59,162,113,4284
69,167,110,4284
68,165,113,4284
74,167,107,4284
73,168,109,4284
76,168,106,4284
67,148,124,4284
63,158,118,4284
87,164,103,4284
85,150,116,4284
72,163,108,4284
85,159,108,4284
102,142,113,4284
89,136,121,4284
73,153,113,4284
77,150,115,4284
84,142,119,4284
83,149,113,4284
91,141,119,4284
84,150,112,4284
86,150,110,4284
89,141,118,4284
74,155,110,4284
73,156,110,4284
73,155,111,4284
72,158,108,4284
77,152,111,4284
67,164,104,4284
67,167,104,4284
67,167,108,4284
71,161,107,4284
78,145,120,4284
71,162,107,4284
73,169,105,4284
75,170,107,4284
76,170,108,4284
85,175,111,4284
84,175,119,4284
74,172,121,4284
71,171,118,4284
65,168,114,4284
66,162,105,4284
70,159,107,4284
69,166,102,4284
57,161,114,4284
68,167,103,4284
63,164,108,4284
63,164,108,4284
67,167,104,4284
71,169,102,4284
73,170,99,4284
75,171,97,4284
72,169,100,4284
72,170,102,4284
73,170,103,4284
75,172,103,4284
81,174,109,4284
76,173,121,4284
76,173,122,4284
71,172,123,4284
70,172,121,4284
75,174,118,4284
75,174,113,4284
70,172,112,4284
66,171,107,4284
60,168,110,4284
71,171,102,4284
66,167,108,4284
73,170,102,4284
69,169,105,4284
70,171,110,4284
74,176,111,4284
73,174,113,4284
73,175,116,4284
76,179,113,4284
56,168,120,4284
63,171,114,4284
60,169,116,4284
62,167,110,4284
104,145,103,4284
94,146,110,4284
78,124,139,4284
94,145,110,4284
91,155,104,4284
110,130,124,4284
109,131,120,4284
105,132,122,4284
106,131,122,4284
101,134,119,4284
95,143,115,4284
100,140,115,4284
97,139,118,4284
103,132,120,4284
104,131,121,4284
104,132,121,4284
105,130,122,4284
103,131,120,4284
101,132,119,4284
133,129,125,4284
136,129,125,4284
115,140,119,4284
101,147,114,4284
110,136,120,4284
112,131,123,4284
112,130,123,4284
110,131,122,4284
86,134,120,4284
76,147,112,4284
77,157,106,4284
91,139,117,4284
85,146,112,4284
89,143,114,4284
89,145,112,4284
90,143,112,4284
97,141,112,4284
104,137,112,4284
98,140,113,4284
96,144,111,4284
93,149,109,4284
86,149,111,4284
90,138,121,4284
103,126,130,4284
106,120,136,4284
86,139,123,4284
90,134,125,4284
89,136,121,4284
87,139,118,4284
81,146,114,4284
79,149,113,4284
116,134,124,4284
128,135,124,4284
145,121,129,4284
118,139,120,4284
112,139,119,4284
97,140,116,4284
84,139,118,4284
83,141,116,4284
87,154,103,4284
84,160,101,4284
79,138,123,4284
80,124,141,4284
80,135,133,4284
87,141,123,4284
85,150,116,4284
84,154,112,4284
86,146,117,4284
92,144,117,4284
92,149,112,4284
93,138,123,4284
98,128,130,4284
76,171,111,4284
101,164,116,4284
89,162,115,4284
81,160,116,4284
79,153,121,4284
97,127,137,4284
104,122,138,4284
108,122,136,4284
98,139,120,4284
101,139,117,4284
80,142,119,4284
70,148,111,4284
73,143,114,4284
67,143,115,4284
78,142,117,4284
68,154,111,4284
71,160,107,4284
70,162,106,4284
71,164,105,4284
72,164,105,4284
74,165,103,4284
110,143,115,4284
154,132,122,4284
158,129,123,4284
124,136,120,4284
100,154,108,4284
110,139,117,4284
113,131,119,4284
91,143,115,4284
92,141,116,4284
86,148,110,4284
66,157,106,4284
65,152,111,4284
77,152,113,4284
90,145,115,4284
96,137,120,4284
86,144,117,4284
89,144,116,4284
87,147,115,4284
85,147,115,4284
94,139,117,4284
104,130,120,4284
99,137,114,4284
102,133,117,4284
98,139,114,4284
104,132,118,4284
100,133,117,4284
117,128,122,4284
112,126,121,4284
112,126,121,4284
110,126,121,4284
111,126,120,4284
103,132,118,4284
73,157,108,4284
71,167,104,4284
84,152,109,4284
75,167,100,4284
74,167,105,4284
75,167,100,4284
83,149,111,4284
73,168,102,4284
98,140,115,4284
79,161,102,4284
79,172,97,4284
77,171,97,4284
75,168,100,4284
90,144,113,4284
80,163,103,4284
79,158,108,4284
105,137,120,4284
75,169,99,4284
73,168,109,4284
72,168,109,4284
73,167,100,4284
91,147,112,4284
89,134,131,4284
69,167,110,4284
85,177,100,4284
81,173,102,4284
62,163,112,4284
82,166,94,4284
72,167,106,4284
69,167,113,4284
74,169,102,4284
84,166,95,4284
83,150,115,4284
91,157,100,4284
87,160,98,4284
87,157,101,4284
75,168,100,4284
80,173,100,4284
87,177,98,4284
86,176,98,4284
82,175,96,4284
75,173,93,4284
69,169,97,4284
78,149,112,4284
88,136,117,4284
66,162,104,4284
91,140,114,4284
80,150,111,4284
75,169,92,4284
84,161,95,4284
88,146,113,4284
80,144,116,4284
65,161,107,4284
70,161,107,4284
74,161,105,4284
92,143,115,4284
86,144,117,4284
79,167,100,4284
82,154,112,4284
78,165,101,4284
75,168,104,4284
76,168,104,4284
75,170,98,4284
82,175,100,4284
82,174,100,4284
78,172,96,4284
76,169,98,4284
78,166,101,4284
79,172,96,4284
82,175,102,4284
83,176,107,4284
83,176,105,4284
84,175,101,4284
77,172,105,4284
76,171,104,4284
74,168,105,4284
77,169,99,4284
74,169,100,4284
79,173,100,4284
80,174,105,4284
83,176,110,4284
70,169,117,4284
67,166,109,4284
77,170,99,4284
78,172,95,4284
80,173,101,4284
81,174,103,4284
74,170,108,4284
72,167,105,4284
77,168,101,4284
77,170,96,4284
78,172,97,4284
80,174,100,4284
77,172,100,4284
77,170,100,4284
78,169,97,4284
77,171,95,4284
78,172,100,4284
80,173,99,4284
76,171,101,4284
69,163,107,5381
70,165,106,5381
70,164,105,5381
69,161,108,5381
65,159,114,5381
62,162,114,5381
69,168,109,5381
72,171,110,5381
78,176,109,5381
78,177,110,5381
78,177,111,5381
79,177,110,5381
75,173,110,5381
71,170,110,5381
62,165,115,5381
64,165,109,5381
68,166,103,5381
68,167,102,5381
70,166,102,5381
73,162,103,5381
76,160,104,5381
78,156,107,5381
72,157,110,5381
64,160,114,5381
63,163,114,5381
65,164,113,5381
68,166,110,5381
70,167,109,5381
71,168,108,5381
73,170,107,5381
73,170,106,5381
75,171,104,5381
77,172,100,5381
66,167,112,5381
65,166,110,5381
65,166,111,5381
62,165,114,5381
63,166,113,5381
66,167,109,5381
66,168,106,5381
68,169,105,5381
69,170,106,5381
72,172,107,5381
74,173,108,5381
74,174,111,5381
72,173,114,5381
72,173,114,5381
72,172,112,5381
71,172,109,5381
72,172,106,5381
70,170,108,5381
68,168,108,5381
69,168,105,5381
68,166,106,5381
69,164,107,5381
69,165,106,5381
70,164,107,5381
69,164,107,5381
68,165,105,5381
71,167,100,5381
70,167,103,5381
70,166,103,5381
70,166,103,5381
71,168,101,5381
72,166,102,5381
69,163,107,5381
66,163,110,5381
66,164,110,5381
66,164,110,5381
67,165,110,5381
69,166,108,5381
71,168,106,5381
72,168,106,5381
74,170,103,5381
75,171,105,5381
76,172,105,5381
77,172,105,5381
75,171,104,5381
73,170,103,5381
69,169,104,5381
65,167,107,5381
59,164,111,5381
57,163,115,5381
58,163,115,5381
58,162,115,5381
62,163,110,5381
64,164,108,5381
66,165,106,5381
64,165,107,5381
63,164,109,5381
64,164,109,5381
61,165,111,5381
62,164,111,5381
64,164,107,5381
64,165,107,5381
65,164,107,5381
66,164,107,5381
65,165,106,5381
63,166,109,5381
63,167,111,5381
67,169,111,5381
68,171,116,5381
71,173,117,5381
71,175,120,5381
74,174,121,5381
79,148,120,5381
76,140,128,5381
80,131,135,5381
85,132,132,5381
74,147,121,5381
78,145,123,5381
71,151,118,5381
68,153,117,5381
74,141,126,5381
103,111,147,5381
101,112,145,5381
74,133,128,5381
62,146,117,5381
47,160,120,5381
76,156,110,5381
75,162,108,5381
90,142,120,5381
105,131,127,5381
92,135,123,5381
87,144,114,5381
81,150,112,5381
82,149,111,5381
70,154,111,5381
77,146,112,5381
51,149,126,5381
63,142,126,5381
82,141,112,5381
74,139,121,5381
63,145,124,5381
76,141,123,5381
66,153,117,5381
67,154,116,5381
62,154,118,5381
63,151,121,5381
76,132,136,5381
66,141,126,5381
68,136,130,5381
77,133,126,5381
68,147,115,5381
81,140,116,5381
69,162,104,5381
77,147,118,5381
63,165,116,5381
68,168,114,5381
67,168,114,5381
67,168,114,5381
66,168,114,5381
65,168,115,5381
62,166,117,5381
61,166,118,5381
62,166,115,5381
65,169,113,5381
68,171,110,5381
66,170,112,5381
63,170,115,5381
61,169,117,5381
59,168,117,5381
59,168,117,5381
67,171,110,5381
68,170,115,5381
66,169,117,5381
63,168,119,5381
64,168,118,5381
64,167,116,5381
59,164,113,5381
64,143,128,5381
60,144,127,5381
64,145,125,5381
69,146,120,5381
80,142,119,5381
89,136,121,5381
86,139,120,5381
85,139,122,5381
85,141,118,5381
69,166,107,5381
70,168,107,5381
69,168,108,5381
69,168,108,5381
68,167,110,5381
59,164,112,5381
66,141,129,5381
77,132,132,5381
84,136,123,5381
73,146,117,5381
73,142,120,5381
79,138,121,5381
78,143,119,5381
86,136,126,5381
63,152,124,5381
58,157,122,5381
57,158,121,5381
56,159,119,5381
59,154,122,5381
63,145,129,5381
85,134,130,5381
82,141,121,5381
80,136,129,5381
82,138,124,5381
81,138,122,5381
89,133,124,5381
88,135,123,5381
80,133,127,5381
70,143,125,5381
63,166,114,5381
59,164,117,5381
56,154,124,5381
51,158,125,5381
49,158,125,5381
58,151,127,5381
75,143,126,5381
84,149,113,5381
91,148,110,5381
93,151,106,5381
93,151,106,5381
94,149,108,5381
94,154,105,5381
99,148,110,5381
123,128,119,5381
106,135,114,5381
104,135,114,5381
107,132,116,5381
105,135,114,5381
77,147,117,5381
47,163,119,5381
41,161,119,5381
35,156,121,5381
38,147,119,5381
49,151,121,5381
134,126,123,5381
91,167,94,5381
86,167,98,5381
90,153,106,5381
74,164,102,5381
70,165,103,5381
71,164,105,5381
72,168,99,5381
70,166,99,5381
77,160,99,5381
70,143,127,5381
81,131,136,5381
70,142,123,5381
64,148,123,5381
68,146,123,5381
73,143,123,5381
90,129,128,5381
74,147,120,5381
66,155,115,5381
70,168,96,5381
68,169,100,5381
67,171,110,5381
53,163,112,5381
57,159,117,5381
61,163,110,5381
76,160,103,5381
84,146,115,5381
88,155,100,5381
88,157,98,5381
64,160,114,5381
67,166,110,5381
67,166,107,5381
66,165,111,5381
61,164,122,5381
71,168,110,5381
79,147,119,5381
65,157,113,5381
70,170,100,5381
61,165,109,5381
62,163,111,5381
84,140,123,5381
87,139,119,5381
76,158,105,5381
67,167,106,5381
67,168,111,5381
76,172,108,5381
74,171,106,5381
61,165,108,5381
56,160,114,5381
65,168,99,5381
53,163,115,5381
61,167,108,5381
45,162,116,5381
39,158,118,5381
49,161,113,5381
52,163,117,5381
54,164,122,5381
52,164,125,5381
66,169,117,5381
69,170,116,5381
67,169,118,5381
66,168,117,5381
67,168,108,5381
71,168,106,5381
66,168,109,5381
67,168,112,5381
65,168,118,5381
68,169,118,5381
80,175,106,5381
89,178,105,5381
83,178,117,5381
83,178,120,5381
76,175,123,5381
68,172,125,5381
65,171,125,5381
69,173,117,5381
66,171,114,5381
65,170,114,5381
63,170,115,5381
64,170,115,5381
69,169,105,5381
70,170,105,5381
71,170,105,5381
71,170,105,5381
71,170,105,5381
73,170,105,5381
76,171,103,5381
107,158,109,5381
127,156,113,5381
98,176,106,5381
88,177,109,5381
85,177,111,5381
78,175,111,5381
73,173,113,5381
67,171,105,5381
42,161,120,5381
47,160,110,5381
65,169,98,5381
68,169,97,5381
70,170,98,5381
70,169,98,5381
70,168,99,5381
103,150,108,5381
177,112,129,5381
182,109,131,5381
131,129,120,5381
96,157,103,5381
91,158,101,5381
96,149,106,5381
90,154,103,5381
70,168,97,5381
59,167,99,5381
59,169,102,5381
63,171,104,5381
62,171,107,5381
62,171,109,5381
67,172,106,5381
69,173,106,5381
72,173,102,5381
73,174,102,5381
74,172,110,5381
169,132,127,5381
182,120,130,5381
160,124,129,5381
124,141,122,5381
115,139,119,5381
80,169,91,5381
92,153,100,5381
84,145,106,5381
82,145,106,5381
108,133,114,5381
86,153,100,5381
88,152,100,5381
86,156,98,5381
93,151,100,5381
84,163,91,5381
80,169,88,5381
71,165,100,5381
61,156,123,5381
79,157,121,5381
126,157,122,5381
116,152,123,5381
86,152,124,5381
79,152,124,5381
72,151,126,5381
68,153,126,5381
61,154,127,5381
45,154,127,5381
45,153,123,5381
50,159,117,5381
57,163,116,5381
58,163,116,5381
60,163,116,5381
60,163,116,5381
61,162,116,5381
61,164,115,5381
74,169,112,5381
106,165,110,5381
128,149,116,5381
89,173,106,5381
83,173,107,5381
77,172,110,5381
70,170,112,5381
52,166,116,5381
55,167,113,5381
64,169,113,5381
65,169,113,5381
64,168,114,5381
64,167,114,5381
64,167,113,5381
64,167,113,5381
65,167,112,5381
69,168,111,5381
117,149,118,5381
132,142,121,5381
102,158,112,5381
79,166,108,5381
77,158,117,5381
80,147,125,5381
68,138,128,5381
64,143,120,5381
64,153,111,5381
75,144,117,5381
76,143,122,5381
67,152,116,5381
67,154,115,5381
66,156,113,5381
64,162,109,5381
84,165,106,5381
73,158,111,5381
73,158,110,5381
72,159,110,5381
73,157,112,5381
70,167,107,5381
74,171,113,5381
71,170,114,5381
66,168,116,5381
74,171,106,5381
78,172,98,5381
73,168,100,5381
69,163,106,5381
68,161,110,5381
71,166,106,5381
69,168,111,5381
78,175,108,5381
80,176,107,5381
75,172,108,5381
71,169,105,5381
68,166,103,5381
72,168,105,5381
76,171,108,5381
78,172,108,5381
82,174,107,5381
84,175,107,5381
77,172,117,5381
73,172,121,5381
69,173,127,5381
75,176,125,5381
78,177,123,5381
78,178,123,5381
78,177,120,5381
75,175,114,5381
69,170,115,5381
71,169,104,5381
67,163,110,5381
74,150,116,5381
77,163,101,5381
71,167,105,5381
71,167,106,5381
72,168,104,5381
73,167,102,5381
72,151,116,5381
71,154,114,5381
66,162,110,5381
64,165,109,5381
67,165,107,5381
69,167,105,5381
70,166,105,5381
72,167,101,5381
74,169,99,5381
74,169,99,5381
73,167,102,5381
72,167,102,5381
72,167,100,5381
71,165,102,5381
76,165,100,5381
72,167,106,5381
71,168,115,5381
76,171,118,5381
78,172,121,5381
77,172,122,5381
74,171,120,5381
71,169,118,5381
70,167,112,5381
73,166,102,5381
75,152,114,5381
71,158,110,5381
67,167,110,5381
69,167,108,5381
67,161,111,5381
83,157,103,5381
84,158,101,5381
85,142,121,5381
71,165,105,5381
67,167,110,5381
68,167,110,5381
71,169,105,5381
67,167,113,5381
70,169,108,5381
70,169,111,5381
72,170,111,5381
79,174,106,5381
73,171,112,5381
67,168,113,5381
71,168,103,5381
69,165,109,5381
71,167,115,5381
78,171,104,5381
79,172,101,5381
73,169,109,5381
70,167,112,5381
71,168,112,5381
70,167,118,5381
81,174,108,5381
84,176,109,5381
82,175,111,5381
80,173,106,5381
81,174,103,5381
76,171,114,5381
80,173,111,5381
82,174,110,5381
67,167,123,5381
70,168,106,5381
65,162,111,5381
109,144,115,1915
109,144,115,1915
110,143,115,1915
108,146,114,1915
111,144,114,1915
110,145,114,1915
111,147,112,1915
122,146,112,1915
129,145,113,1915
120,148,111,1915
118,149,110,1915
118,149,110,1915
113,151,109,1915
105,154,108,1915
101,156,107,1915
98,155,108,1915
98,156,108,1915
100,157,107,1915
104,157,107,1915
109,154,109,1915
109,154,109,1915
102,157,107,1915
95,158,107,1915
100,157,107,1915
106,155,107,1915
116,151,109,1915
120,147,111,1915
120,147,111,1915
122,145,113,1915
124,144,114,1915
127,141,115,1915
130,139,117,1915
127,142,115,1915
127,145,113,1915
128,145,113,1915
124,146,112,1915
113,150,110,1915
101,155,107,1915
98,158,106,1915
99,160,105,1915
102,161,105,1915
103,160,105,1915
101,160,106,1915
100,161,106,1915
99,161,106,1915
92,163,105,1915
85,165,105,1915
79,167,104,1915
76,165,105,1915
73,164,105,1915
70,164,106,1915
67,164,106,1915
65,165,105,1915
67,165,105,1915
69,166,104,1915
73,168,102,1915
73,168,102,1915
65,165,104,1915
61,163,105,1915
59,162,106,1915
57,160,107,1915
53,159,108,1915
56,160,108,1915
59,159,109,1915
61,160,109,1915
61,161,109,1915
67,163,108,1915
66,162,109,1915
67,162,109,1915
69,162,108,1915
72,162,108,1915
74,162,107,1915
76,162,107,1915
81,164,105,1915
89,163,104,1915
94,162,104,1915
98,161,104,1915
99,159,104,1915
94,158,105,1915
90,157,106,1915
86,157,106,1915
85,157,107,1915
84,157,107,1915
83,157,107,1915
85,156,108,1915
84,156,108,1915
80,156,108,1915
73,156,109,1915
72,156,109,1915
72,158,108,1915
73,158,108,1915
79,160,106,1915
83,162,105,1915
86,161,105,1915
89,161,105,1915
91,162,104,1915
92,162,103,1915
92,160,105,1915
89,156,107,1915
86,154,109,1915
83,153,111,1915
83,151,112,1915
85,147,115,1915
86,146,115,1915
90,144,118,1915
95,142,118,1915
105,143,117,1915
120,140,117,1915
123,138,119,1915
125,137,120,1915
124,138,119,1915
123,140,118,1915
121,144,115,1915
120,142,117,1915
119,140,118,1915
121,137,121,1915
113,147,115,1915
114,145,116,1915
62,144,116,1915
43,137,121,1915
20,136,122,1915
69,129,128,1915
122,126,128,1915
222,108,139,1915
201,112,136,1915
121,155,109,1915
105,152,111,1915
103,149,113,1915
95,143,116,1915
88,144,116,1915
81,143,117,1915
100,141,118,1915
107,141,118,1915
99,143,116,1915
106,142,117,1915
126,145,115,1915
147,138,120,1915
156,125,128,1915
172,110,138,1915
179,104,142,1915
176,104,143,1915
157,118,132,1915
168,112,136,1915
147,125,128,1915
125,143,115,1915
118,145,114,1915
121,143,115,1915
120,145,114,1915
123,143,115,1915
124,141,116,1915
133,136,119,1915
144,127,126,1915
153,119,132,1915
151,120,132,1915
151,116,135,1915
156,111,137,1915
147,118,133,1915
126,129,125,1915
100,145,114,1915
115,131,124,1915
138,122,129,1915
119,148,112,1915
106,156,108,1915
112,151,110,1915
112,151,110,1915
113,150,111,1915
123,142,116,1915
134,137,120,1915
147,123,129,1915
138,132,123,1915
114,149,112,1915
15,120,132,1915
2,130,125,1915
4,131,125,1915
93,147,113,1915
222,119,132,1915
210,107,140,1915
149,152,111,1915
136,155,109,1915
126,156,108,1915
120,156,108,1915
114,154,109,1915
123,148,113,1915
136,136,120,1915
135,131,123,1915
149,120,132,1915
138,126,127,1915
138,125,127,1915
131,128,125,1915
141,124,129,1915
121,147,113,1915
103,157,107,1915
107,155,108,1915
104,156,107,1915
106,155,108,1915
107,154,109,1915
110,152,110,1915
121,146,114,1915
144,125,128,1915
136,125,128,1915
146,119,132,1915
129,135,123,1915
118,147,116,1915
94,161,106,1915
78,161,105,1915
141,130,126,1915
130,134,120,1915
105,157,107,1915
106,155,108,1915
106,155,108,1915
110,153,109,1915
119,145,114,1915
126,137,121,1915
116,147,114,1915
121,144,116,1915
123,144,115,1915
101,150,112,1915
78,152,112,1915
116,143,118,1915
115,138,121,1915
94,142,117,1915
90,139,119,1915
114,143,117,1915
88,135,122,1915
48,139,120,1915
123,135,122,1915
73,166,102,1915
98,168,100,1915
134,147,112,1915
124,157,107,1915
78,179,97,1915
53,166,105,1915
71,170,102,1915
144,133,123,1915
161,135,120,1915
158,123,129,1915
161,118,132,1915
134,134,122,1915
126,139,118,1915
114,146,113,1915
101,157,107,1915
97,158,106,1915
95,156,107,1915
91,159,105,1915
96,153,110,1915
96,154,108,1915
110,144,116,1915
101,150,111,1915
107,146,114,1915
109,145,115,1915
114,140,118,1915
116,138,120,1915
118,137,121,1915
113,137,121,1915
74,140,118,1915
134,137,121,1915
90,176,95,1915
87,159,106,1915
86,158,107,1915
84,164,103,1915
88,166,102,1915
89,164,104,1915
106,157,106,1915
142,139,118,1915
153,135,120,1915
124,148,113,1915
120,143,116,1915
125,140,117,1915
156,124,127,1915
159,120,130,1915
145,128,125,1915
134,136,120,1915
126,141,117,1915
111,144,116,1915
106,146,114,1915
109,145,116,1915
106,147,114,1915
112,143,116,1915
97,152,112,1915
84,159,108,1915
93,164,105,1915
124,153,111,1915
181,115,135,1915
76,154,109,1915
57,155,110,1915
76,144,117,1915
76,144,116,1915
88,150,113,1915
101,152,111,1915
140,137,118,1915
112,146,113,1915
128,133,121,1915
92,137,119,1915
82,144,116,1915
94,144,116,1915
96,144,116,1915
73,142,118,1915
115,141,118,1915
190,107,140,1915
91,166,102,1915
149,133,122,1915
111,149,112,1915
111,150,111,1915
125,144,116,1915
130,143,116,1915
157,132,122,1915
160,127,125,1915
165,125,126,1915
158,132,122,1915
118,144,115,1915
112,149,112,1915
88,166,102,1915
80,168,101,1915
85,173,98,1915
82,175,97,1915
70,170,100,1915
62,166,102,1915
52,158,108,1915
97,156,109,1915
98,155,109,1915
103,153,110,1915
103,153,110,1915
105,153,110,1915
104,153,110,1915
105,153,110,1915
111,150,111,1915
119,150,112,1915
136,150,113,1915
136,150,113,1915
137,149,113,1915
129,152,110,1915
120,146,114,1915
110,146,114,1915
91,147,114,1915
74,149,114,1915
79,150,113,1915
95,153,110,1915
101,154,110,1915
103,154,109,1915
105,156,107,1915
115,158,106,1915
133,158,106,1915
149,153,109,1915
152,152,110,1915
143,156,107,1915
133,162,103,1915
127,160,104,1915
125,158,105,1915
107,160,104,1915
87,160,106,1915
86,161,105,1915
90,161,105,1915
91,163,103,1915
94,163,104,1915
92,164,104,1915
84,165,103,1915
96,163,103,1915
106,160,104,1915
99,160,104,1915
86,161,105,1915
87,158,106,1915
87,158,106,1915
85,159,106,1915
87,156,107,1915
87,156,107,1915
73,163,104,1915
69,163,104,1915
73,157,107,1915
76,155,108,1915
75,157,107,1915
68,157,106,1915
70,159,106,1915
79,157,107,1915
86,158,106,1915
95,153,109,1915
94,151,111,1915
94,148,112,1915
89,146,114,1915
75,145,115,1915
67,138,120,1915
63,136,122,1915
82,137,121,1915
94,143,118,1915
98,147,115,1915
105,150,113,1915
111,152,112,1915
125,151,112,1915
126,149,113,1915
124,153,110,1915
112,157,108,1915
108,160,107,1915
106,159,108,1915
97,157,109,1915
102,149,113,1915
116,141,118,1915
121,138,120,1915
111,144,115,1915
112,143,117,1915
115,142,117,1915
126,145,115,1915
125,151,111,1915
127,145,115,1915
130,142,117,1915
121,145,115,1915
118,145,114,1915
107,143,116,1915
95,142,117,1915
95,137,120,1915
97,137,120,1915
97,136,121,1915
112,135,121,1915
113,140,118,1915
125,139,118,1915
133,141,117,1915
136,140,117,1915
133,139,117,1915
136,136,120,1915
134,134,122,1915
125,133,122,1915
112,137,119,1915
98,139,119,1915
97,138,119,1915
96,138,119,1915
94,139,118,1915
106,139,118,1915
123,139,118,1915
124,138,118,1915
141,133,121,1915
134,135,120,1915
117,147,112,1915
100,162,104,1915
103,162,103,1915
118,151,109,1915
131,139,117,1915
112,146,114,1915
110,144,115,1915
138,132,122,1915
117,148,111,1915
108,158,105,1915
101,163,103,1915
98,163,103,1915
91,165,103,1915
96,158,107,1915
113,145,114,1915
117,141,116,1915
138,133,121,1915
112,148,111,1915
106,158,105,1915
99,159,106,1915
91,162,104,1915
107,147,113,1915
118,139,118,1915
118,141,116,1915
123,141,116,1915
99,156,108,1915
100,156,107,1915
110,154,108,1915
113,150,110,1915
138,135,120,1915
112,144,115,1915
126,140,117,1915
104,154,109,1915
106,157,106,1915
104,161,103,1915
111,160,104,1915
110,151,110,1915
134,136,120,1915
128,139,118,1915
111,151,110,1915
101,161,104,1915
97,164,103,1915
98,165,101,1915
101,161,103,1915
99,156,107,1915
93,149,112,1915
113,140,118,1915
101,147,113,1915
94,157,106,1915
84,165,103,1915
84,168,100,1915
81,168,100,1915
75,168,101,1915
68,167,102,1915
74,167,101,1915
102,143,115,1915
127,135,120,1915
115,148,112,1915
99,160,105,1915
92,165,103,1915
83,166,103,1915
77,166,103,1915
71,164,104,1915
83,155,108,1915
98,140,117,1915
100,141,117,1915
79,157,108,1915
75,165,103,1915
77,160,106,1915
93,148,113,1915
93,148,112,1915
96,151,111,1915
125,142,116,1915
131,139,117,1915
105,152,109,1915
132,139,117,1915
128,140,117,1915
111,151,110,1915
106,153,108,1915
105,154,108,1915
117,153,108,1915
103,166,102,1915
105,165,102,1915
87,167,101,1915
84,166,101,1915
81,164,102,1915
74,164,104,1915
90,159,106,1915
92,158,106,1915
81,159,106,1915
89,158,106,1915
92,160,105,1915
96,156,108,1915
112,144,115,1915
123,141,118,1915
119,141,116,1915
112,146,114,1915
99,146,114,1915
91,144,117,1915
106,149,112,1915
108,151,110,1915
139,134,122,A95
142,132,123,A95
139,133,122,A95
132,136,121,A95
133,135,121,A95
134,133,123,A95
133,133,123,A95
128,134,122,A95
122,137,120,A95
114,140,119,A95
106,143,118,A95
104,145,117,A95
102,147,116,A95
102,148,115,A95
99,150,114,A95
94,151,114,A95
92,152,114,A95
90,154,113,A95
85,158,111,A95
84,161,110,A95
88,164,108,A95
92,166,107,A95
94,167,107,A95
94,167,107,A95
91,168,107,A95
87,167,107,A95
89,163,108,A95
98,160,109,A95
101,158,110,A95
101,158,110,A95
102,157,111,A95
111,151,114,A95
125,143,118,A95
135,136,121,A95
144,130,124,A95
149,128,125,A95
147,129,125,A95
139,133,123,A95
131,137,121,A95
127,138,120,A95
128,137,121,A95
125,137,122,A95
103,146,118,A95
81,159,111,A95
90,157,111,A95
102,152,112,A95
104,149,114,A95
106,148,115,A95
112,145,116,A95
110,147,115,A95
107,151,113,A95
106,150,114,A95
112,148,114,A95
142,133,122,A95
130,140,118,A95
127,140,118,A95
130,139,118,A95
137,135,121,A95
135,136,120,A95
135,136,120,A95
135,135,121,A95
135,136,120,A95
131,138,118,A95
128,142,117,A95
130,142,117,A95
136,138,119,A95
147,131,124,A95
152,127,125,A95
136,133,122,A95
112,146,115,A95
144,130,124,A95
166,119,130,A95
172,116,133,A95
162,121,130,A95
148,128,126,A95
137,133,123,A95
133,137,121,A95
130,139,119,A95
120,144,116,A95
109,150,113,A95
103,152,112,A95
101,154,111,A95
102,154,111,A95
104,154,111,A95
104,154,111,A95
104,157,110,A95
105,159,109,A95
105,161,109,A95
100,165,107,A95
98,167,107,A95
97,167,107,A95
95,168,107,A95
95,168,107,A95
90,168,107,A95
88,167,107,A95
86,167,108,A95
83,166,108,A95
81,167,108,A95
79,166,108,A95
80,165,108,A95
84,163,108,A95
87,160,109,A95
88,161,108,A95
88,161,108,A95
87,162,108,A95
83,165,107,A95
161,127,125,A95
149,130,123,A95
158,124,126,A95
155,125,126,A95
166,117,132,A95
154,126,127,A95
109,147,112,A95
28,148,118,A95
20,129,127,A95
19,128,127,A95
17,129,125,A95
51,131,125,A95
124,139,120,A95
198,131,121,A95
200,121,127,A95
179,129,124,A95
156,133,122,A95
147,137,119,A95
144,137,120,A95
148,135,122,A95
159,129,125,A95
172,121,129,A95
170,124,128,A95
142,139,119,A95
125,149,113,A95
125,145,115,A95
128,142,116,A95
128,143,116,A95
145,137,120,A95
168,124,127,A95
151,135,119,A95
138,143,115,A95
141,140,117,A95
143,139,117,A95
142,139,117,A95
141,140,117,A95
138,141,118,A95
146,137,120,A95
171,122,129,A95
171,124,128,A95
131,142,118,A95
128,141,118,A95
139,133,123,A95
137,134,122,A95
130,144,116,A95
165,127,126,A95
170,123,128,A95
135,144,114,A95
132,146,113,A95
134,144,114,A95
138,141,116,A95
138,141,116,A95
139,140,117,A95
135,142,116,A95
136,142,116,A95
163,128,125,A95
157,132,122,A95
145,139,117,A95
141,140,117,A95
142,137,120,A95
146,134,122,A95
142,133,123,A95
146,130,125,A95
156,123,129,A95
158,124,129,A95
144,133,123,A95
132,141,118,A95
143,136,121,A95
143,137,121,A95
139,140,119,A95
145,136,121,A95
152,127,127,A95
129,143,118,A95
136,141,117,A95
146,135,121,A95
141,137,120,A95
139,138,120,A95
121,146,116,A95
121,141,120,A95
148,124,129,A95
143,130,125,A95
132,141,119,A95
213,97,146,A95
219,92,150,A95
217,94,147,A95
188,112,136,A95
137,138,121,A95
151,129,125,A95
124,145,117,A95
133,142,118,A95
144,136,120,A95
151,133,122,A95
150,133,122,A95
148,133,123,A95
129,142,119,A95
123,141,120,A95
136,137,122,A95
138,133,124,A95
140,132,125,A95
159,122,130,A95
168,117,133,A95
169,116,134,A95
169,116,134,A95
166,127,126,A95
172,125,125,A95
172,124,126,A95
156,132,121,A95
158,131,122,A95
159,129,124,A95
151,130,123,A95
85,153,113,A95
118,139,121,A95
152,135,121,A95
188,115,134,A95
182,124,128,A95
153,134,122,A95
108,139,122,A95
123,136,122,A95
135,124,129,A95
104,138,123,A95
86,150,115,A95
192,100,141,A95
83,136,125,A95
38,154,116,A95
72,152,116,A95
137,132,125,A95
112,148,116,A95
99,151,115,A95
107,151,114,A95
67,157,111,A95
100,156,110,A95
92,154,113,A95
105,157,109,A95
108,157,109,A95
113,154,110,A95
113,153,111,A95
118,150,112,A95
126,145,115,A95
134,134,122,A95
118,144,116,A95
105,146,117,A95
111,143,118,A95
117,140,119,A95
111,144,117,A95
111,150,114,A95
75,160,112,A95
77,159,113,A95
78,158,113,A95
116,150,114,A95
106,155,111,A95
104,151,115,A95
84,157,111,A95
101,156,111,A95
93,162,109,A95
105,155,112,A95
75,167,108,A95
142,141,118,A95
106,158,111,A95
119,154,113,A95
81,153,116,A95
65,158,114,A95
65,158,114,A95
71,159,113,A95
135,136,122,A95
155,124,127,A95
119,139,119,A95
112,143,119,A95
124,135,123,A95
85,157,112,A95
122,146,116,A95
133,142,118,A95
140,140,119,A95
143,139,119,A95
125,150,113,A95
123,150,113,A95
109,147,116,A95
95,155,113,A95
90,156,113,A95
92,159,111,A95
84,164,110,A95
107,155,114,A95
116,147,117,A95
120,142,120,A95
114,145,118,A95
69,162,111,A95
92,157,110,A95
96,154,112,A95
65,159,113,A95
84,153,113,A95
97,157,111,A95
127,151,113,A95
153,133,122,A95
141,131,123,A95
100,140,120,A95
111,141,118,A95
125,140,119,A95
107,157,109,A95
137,145,114,A95
156,134,118,A95
130,147,112,A95
116,153,110,A95
119,150,111,A95
100,161,107,A95
101,161,109,A95
62,156,111,A95
101,136,121,A95
163,120,132,A95
136,147,115,A95
153,141,119,A95
160,145,117,A95
188,125,126,A95
211,108,135,A95
78,166,107,A95
78,166,106,A95
80,166,106,A95
84,166,108,A95
101,170,107,A95
102,174,107,A95
103,177,106,A95
94,174,105,A95
89,168,108,A95
100,154,114,A95
117,145,118,A95
153,128,126,A95
152,120,129,A95
97,147,113,A95
115,143,116,A95
124,143,116,A95
128,141,117,A95
134,139,118,A95
169,127,124,A95
186,120,127,A95
194,117,128,A95
185,124,124,A95
172,128,124,A95
185,117,131,A95
176,116,132,A95
152,120,130,A95
129,128,125,A95
129,129,124,A95
140,128,125,A95
144,127,126,A95
145,129,125,A95
155,130,125,A95
165,129,125,A95
164,132,122,A95
166,131,123,A95
159,132,123,A95
151,131,124,A95
151,130,124,A95
144,130,123,A95
128,129,124,A95
128,128,124,A95
137,127,126,A95
136,128,125,A95
135,129,124,A95
135,129,124,A95
167,121,129,A95
176,122,128,A95
182,120,129,A95
169,126,125,A95
152,131,123,A95
137,133,121,A95
138,125,127,A95
136,120,130,A95
147,122,129,A95
153,121,130,A95
154,122,129,A95
155,122,130,A95
154,123,129,A95
162,129,125,A95
157,135,121,A95
159,136,119,A95
164,134,120,A95
155,137,118,A95
131,137,119,A95
103,146,114,A95
99,146,115,A95
107,144,116,A95
110,147,114,A95
114,147,114,A95
112,148,114,A95
146,142,116,A95
139,145,116,A95
134,148,115,A95
154,138,119,A95
140,142,117,A95
134,142,116,A95
124,145,115,A95
80,154,111,A95
60,152,115,A95
58,153,117,A95
54,161,114,A95
55,164,112,A95
57,166,111,A95
61,169,109,A95
84,176,106,A95
110,172,107,A95
132,162,111,A95
134,158,112,A95
123,155,113,A95
118,148,115,A95
120,143,118,A95
109,141,118,A95
111,139,119,A95
112,140,118,A95
118,140,119,A95
121,139,119,A95
129,136,121,A95
130,138,120,A95
161,130,124,A95
164,131,123,A95
161,133,123,A95
147,135,122,A95
119,144,117,A95
111,146,117,A95
103,148,116,A95
108,146,117,A95
107,147,116,A95
109,147,116,A95
124,144,117,A95
140,139,119,A95
140,139,118,A95
142,137,119,A95
143,136,120,A95
95,155,113,A95
106,151,114,A95
96,154,114,A95
142,136,120,A95
141,136,121,A95
109,148,116,A95
96,151,114,A95
134,131,123,A95
109,144,117,A95
153,127,127,A95
95,162,109,A95
76,155,112,A95
133,130,125,A95
155,124,128,A95
146,129,126,A95
100,157,109,A95
144,132,122,A95
131,134,122,A95
79,152,116,A95
89,153,113,A95
113,141,118,A95
71,150,116,A95
106,140,119,A95
135,135,120,A95
115,141,119,A95
84,159,109,A95
108,145,116,A95
66,151,115,A95
118,150,113,A95
77,172,105,A95
78,169,106,A95
96,165,106,A95
112,145,116,A95
69,148,118,A95
107,142,116,A95
145,130,125,A95
101,151,114,A95
84,157,113,A95
74,162,111,A95
81,161,111,A95
96,163,109,A95
107,165,106,A95
114,166,107,A95
118,170,105,A95
109,169,106,A95
78,165,109,A95
138,130,124,A95
142,134,123,A95
119,141,118,A95
123,139,120,A95
172,118,131,A95
157,131,121,A95
128,152,113,A95
114,161,110,A95
109,168,107,A95
108,170,106,A95
104,170,107,A95
111,164,110,A95
112,162,111,A95
110,163,110,A95
127,156,111,A95
138,144,115,A95
152,130,123,A95
148,134,121,A95
143,138,118,A95
131,138,120,A95
142,138,119,A95
154,129,123,A95
141,140,118,A95
150,136,120,A95
137,144,116,A95
122,146,116,A95
132,143,117,A95
146,140,117,A95
132,151,111,A95
127,155,110,A95
129,156,111,A95
123,158,111,A95
121,159,111,A95
124,161,108,A95
136,155,110,A95
135,156,110,A95
132,156,110,A95
113,165,108,A95
114,165,108,A95
129,158,109,A95
141,155,111,A95
138,156,110,A95
131,156,111,A95
119,162,109,A95
119,161,109,A95
125,159,109,A95
133,155,110,A95
141,153,111,A95
139,153,111,A95
133,155,111,A95
122,161,109,A95
130,131,126,146
128,132,126,146
128,132,126,146
129,132,126,146
128,132,126,146
126,132,126,146
122,133,127,146
118,135,127,146
111,137,128,146
112,137,129,146
98,143,131,146
91,147,133,146
91,147,133,146
94,147,133,146
100,146,132,146
113,142,130,146
123,138,128,146
132,135,126,146
134,134,126,146
135,134,125,146
135,134,125,146
134,135,125,146
132,136,125,146
131,137,126,146
131,138,126,146
132,139,126,146
131,139,126,146
130,140,126,146
130,140,126,146
130,140,126,146
130,140,126,146
129,140,126,146
129,140,126,146
129,140,126,146
128,141,126,146
128,140,126,146
129,139,125,146
126,140,126,146
124,141,126,146
124,142,126,146
125,142,127,146
123,143,127,146
126,142,126,146
126,142,126,146
126,142,126,146
125,142,126,146
117,145,128,146
104,148,130,146
99,148,131,146
97,147,131,146
98,145,130,146
102,142,129,146
107,140,128,146
112,138,127,146
115,137,127,146
117,136,127,146
121,135,126,146
130,131,125,146
140,128,125,146
147,126,125,146
148,125,125,146
145,127,126,146
132,133,128,146
127,135,129,146
122,136,129,146
121,135,128,146
123,134,127,146
129,131,125,146
129,132,125,146
126,133,126,146
122,135,126,146
114,140,128,146
105,144,130,146
104,145,130,146
104,146,131,146
103,146,131,146
103,147,131,146
104,147,131,146
105,147,131,146
106,148,131,146
108,148,131,146
111,147,131,146
116,146,130,146
119,145,129,146
122,143,128,146
123,143,128,146
125,142,127,146
124,143,127,146
124,143,127,146
122,143,127,146
119,145,128,146
117,145,128,146
115,146,128,146
113,147,129,146
112,147,129,146
111,148,129,146
112,148,130,146
111,149,130,146
111,149,130,146
109,150,131,146
109,151,131,146
108,151,131,146
109,151,131,146
109,151,131,146
108,152,131,146
147,124,125,146
143,126,126,146
142,127,126,146
141,127,126,146
147,127,126,146
154,124,125,146
141,119,123,146
117,126,126,146
98,135,129,146
134,124,125,146
154,124,125,146
144,128,126,146
125,135,129,146
124,135,129,146
118,139,130,146
115,142,130,146
110,146,131,146
121,141,129,146
131,135,127,146
138,126,125,146
99,140,128,146
94,141,128,146
102,139,128,146
120,134,127,146
113,141,130,146
98,149,134,146
107,144,131,146
108,143,130,146
109,142,130,146
117,136,128,146
131,130,127,146
147,124,125,146
138,129,126,146
132,133,127,146
131,134,127,146
130,135,127,146
135,133,127,146
147,126,126,146
141,126,125,146
132,129,126,146
131,128,126,146
129,128,126,146
131,129,125,146
132,129,125,146
133,128,125,146
133,125,126,146
134,124,125,146
141,124,125,146
147,119,124,146
58,151,135,146
71,141,132,146
86,135,129,146
78,141,131,146
88,145,132,146
154,120,124,146
147,125,125,146
143,126,126,146
142,126,125,146
152,124,125,146
154,124,125,146
143,130,125,146
135,134,126,146
129,131,126,146
120,133,126,146
118,135,127,146
120,135,127,146
123,134,127,146
138,127,126,146
121,131,127,146
117,132,127,146
117,132,127,146
120,131,127,146
122,131,127,146
137,127,126,146
135,127,125,146
136,124,125,146
161,114,125,146
153,118,125,146
143,123,125,146
130,130,125,146
139,126,126,146
134,126,126,146
125,129,126,146
123,129,126,146
124,129,126,146
126,128,126,146
125,129,127,146
137,128,125,146
143,128,126,146
156,120,125,146
137,126,127,146
116,136,128,146
130,130,128,146
148,125,126,146
138,127,126,146
123,130,127,146
122,130,127,146
123,129,126,146
128,128,126,146
132,128,126,146
131,131,125,146
158,115,125,146
79,146,131,146
142,120,126,146
138,127,126,146
126,135,127,146
126,135,127,146
126,136,127,146
124,136,127,146
120,137,128,146
115,139,128,146
108,143,128,146
111,141,127,146
114,139,127,146
110,144,130,146
137,141,128,146
134,142,128,146
141,140,128,146
147,136,127,146
127,141,128,146
110,154,132,146
124,146,128,146
117,148,129,146
97,153,133,146
104,146,131,146
134,129,126,146
143,125,125,146
142,128,124,146
120,135,126,146
94,141,128,146
94,141,129,146
94,141,128,146
93,141,129,146
103,138,128,146
104,138,127,146
107,137,126,146
134,132,124,146
155,123,123,146
132,132,124,146
102,138,127,146
95,140,127,146
96,139,127,146
94,139,127,146
118,133,125,146
132,127,125,146
139,130,127,146
125,137,129,146
156,122,125,146
112,139,129,146
130,132,126,146
141,126,124,146
117,133,125,146
132,128,126,146
112,136,128,146
118,133,128,146
119,134,127,146
133,130,127,146
125,135,128,146
127,133,128,146
116,137,128,146
123,132,126,146
113,134,127,146
120,130,125,146
119,133,126,146
116,135,126,146
107,139,127,146
90,146,131,146
112,138,128,146
102,143,129,146
113,142,128,146
120,141,128,146
128,139,127,146
132,138,128,146
141,134,127,146
140,136,127,146
130,141,128,146
119,142,128,146
135,132,126,146
136,131,126,146
140,131,125,146
151,128,124,146
164,125,124,146
162,122,123,146
156,121,123,146
115,136,129,146
76,152,136,146
71,152,136,146
70,153,137,146
81,150,135,146
88,147,134,146
99,143,133,146
100,141,133,146
89,145,133,146
112,134,127,146
130,128,125,146
115,135,126,146
137,128,127,146
134,128,127,146
106,137,131,146
95,141,132,146
96,142,130,146
101,141,129,146
124,134,126,146
128,132,125,146
125,133,126,146
116,136,127,146
91,143,131,146
100,144,130,146
104,143,130,146
104,143,130,146
124,134,129,146
125,134,129,146
124,134,129,146
127,133,129,146
133,136,129,146
128,143,131,146
126,144,131,146
130,142,130,146
128,140,129,146
132,138,127,146
105,139,126,146
101,140,128,146
114,142,128,146
116,139,128,146
112,138,129,146
108,138,129,146
112,138,129,146
120,141,129,146
130,142,129,146
141,143,128,146
147,141,127,146
153,139,127,146
142,135,127,146
146,128,124,146
142,125,123,146
127,127,123,146
122,130,125,146
113,135,129,146
133,129,128,146
139,128,127,146
137,129,127,146
135,134,128,146
147,135,129,146
151,137,129,146
155,137,129,146
144,137,128,146
144,134,127,146
146,129,125,146
134,126,125,146
124,127,124,146
124,128,125,146
134,129,124,146
140,128,124,146
142,127,125,146
140,128,125,146
147,128,125,146
165,126,125,146
171,126,125,146
164,129,126,146
159,126,126,146
155,124,126,146
141,123,125,146
122,123,125,146
126,123,125,146
132,123,125,146
137,123,125,146
138,123,124,146
139,123,124,146
148,123,125,146
162,122,125,146
168,123,125,146
180,121,125,146
178,123,125,146
167,124,125,146
137,129,126,146
117,131,126,146
100,137,128,146
101,138,129,146
98,146,131,146
110,144,130,146
114,144,129,146
129,141,127,146
148,138,126,146
163,137,126,146
169,136,126,146
171,135,125,146
166,135,125,146
157,135,125,146
129,138,125,146
112,140,126,146
114,140,126,146
120,141,126,146
126,141,126,146
129,140,125,146
137,138,125,146
151,136,124,146
152,136,125,146
154,135,124,146
156,134,124,146
152,135,124,146
127,142,127,146
117,144,129,146
118,143,128,146
113,143,130,146
107,142,130,146
100,143,130,146
99,143,131,146
96,144,131,146
121,137,126,146
128,136,126,146
127,136,126,146
128,135,126,146
101,147,131,146
138,136,125,146
136,137,126,146
134,140,126,146
136,139,126,146
114,145,131,146
106,144,130,146
128,134,126,146
129,134,125,146
127,134,126,146
112,140,128,146
117,144,129,146
135,138,126,146
135,138,126,146
100,147,131,146
127,136,126,146
145,131,125,146
146,130,125,146
126,136,127,146
120,136,127,146
106,147,130,146
109,146,130,146
122,136,127,146
133,133,126,146
144,131,126,146
145,129,126,146
127,137,128,146
142,129,126,146
140,128,126,146
118,137,129,146
105,146,131,146
146,131,125,146
143,133,125,146
139,136,125,146
140,135,125,146
116,142,131,146
99,145,132,146
130,138,127,146
132,141,127,146
116,152,131,146
122,148,128,146
132,140,126,146
137,137,125,146
139,137,125,146
114,142,129,146
110,139,129,146
117,136,128,146
111,142,130,146
107,150,132,146
126,143,129,146
146,133,125,146
141,134,125,146
137,137,126,146
137,137,125,146
97,146,130,146
97,145,131,146
115,143,130,146
136,137,127,146
128,144,128,146
115,149,128,146
124,143,126,146
130,139,125,146
138,136,125,146
134,137,126,146
101,145,130,146
129,132,126,146
141,129,127,146
116,140,130,146
115,142,130,146
130,134,127,146
122,139,128,146
117,140,129,146
131,133,126,146
140,128,125,146
141,128,126,146
103,147,133,146
82,155,135,146
104,144,130,146
111,141,128,146
108,144,130,146
135,135,128,146
136,134,126,146
132,137,126,146
142,133,126,146
120,143,130,146
115,146,130,146
122,140,129,146
121,143,129,146
143,132,126,146
138,131,125,146
122,137,127,146
105,142,129,146
112,145,130,146
136,136,126,146
141,133,125,146
145,130,125,146
120,139,128,146
107,143,130,146
107,142,129,146
108,142,129,146
108,142,129,146
106,143,129,146
